{"cameraMode":{"drawMode":0,"name":"Shaded","section":"Shading Mode"},"sceneLighting":false,"audioPlay":false,"sceneViewState":{"m_AlwaysRefresh":false,"showFog":true,"showSkybox":false,"showFlares":true,"showImageEffects":true,"showParticleSystems":true,"showVisualEffectGraphs":true,"m_FxEnabled":true},"in2DMode":false,"pivot":{"x":22.081886291503908,"y":2.6300876140594484,"z":-3.61672306060791},"rotation":{"x":0.012309812009334565,"y":0.0036217663437128069,"z":-0.00009380102710565552,"w":0.9999849200248718},"size":14.860950469970704,"orthographic":false}