{"cameraMode":{"drawMode":0,"name":"Shaded","section":"Shading Mode"},"sceneLighting":false,"audioPlay":false,"sceneViewState":{"m_AlwaysRefresh":false,"showFog":true,"showSkybox":false,"showFlares":true,"showImageEffects":true,"showParticleSystems":true,"showVisualEffectGraphs":true,"m_FxEnabled":true},"in2DMode":false,"pivot":{"x":-0.006208875682204962,"y":0.5459668636322022,"z":-1.877233862876892},"rotation":{"x":0.23797814548015595,"y":-0.01834500953555107,"z":0.004446887876838446,"w":0.9711585640907288},"size":4.432050704956055,"orthographic":false}