{"cameraMode":{"drawMode":0,"name":"Shaded","section":"Shading Mode"},"sceneLighting":false,"audioPlay":false,"sceneViewState":{"m_AlwaysRefresh":false,"showFog":true,"showSkybox":false,"showFlares":true,"showImageEffects":true,"showParticleSystems":true,"showVisualEffectGraphs":true,"m_FxEnabled":true},"in2DMode":false,"pivot":{"x":-6.056724548339844,"y":4.622814178466797,"z":1.0957584381103516},"rotation":{"x":-0.24676968157291413,"y":-0.00421846192330122,"z":0.0018264552345499397,"w":-0.9692314267158508},"size":5.761872291564941,"orthographic":false}