{"cameraMode":{"drawMode":0,"name":"Shaded","section":"Shading Mode"},"sceneLighting":false,"audioPlay":false,"sceneViewState":{"m_AlwaysRefresh":false,"showFog":true,"showSkybox":false,"showFlares":true,"showImageEffects":true,"showParticleSystems":true,"showVisualEffectGraphs":true,"m_FxEnabled":true},"in2DMode":false,"pivot":{"x":-0.015023559331893921,"y":-1.1293946504592896,"z":3.523658037185669},"rotation":{"x":-0.1763748675584793,"y":-0.016148563474416734,"z":0.0036545421462506057,"w":-0.9843502640724182},"size":3.2660250663757326,"orthographic":false}