{"cameraMode":{"drawMode":0,"name":"Shaded","section":"Shading Mode"},"sceneLighting":false,"audioPlay":false,"sceneViewState":{"m_AlwaysRefresh":false,"showFog":true,"showSkybox":false,"showFlares":true,"showImageEffects":true,"showParticleSystems":true,"showVisualEffectGraphs":true,"m_FxEnabled":true},"in2DMode":false,"pivot":{"x":1.168594241142273,"y":2.6142358779907228,"z":6.836366176605225},"rotation":{"x":-0.06925838440656662,"y":0.003278214018791914,"z":-0.0001871950807981193,"w":-0.9976639747619629},"size":6.307395935058594,"orthographic":false}