{"cameraMode":{"drawMode":0,"name":"Shaded","section":"Shading Mode"},"sceneLighting":false,"audioPlay":false,"sceneViewState":{"m_AlwaysRefresh":false,"showFog":true,"showSkybox":false,"showFlares":true,"showImageEffects":true,"showParticleSystems":true,"showVisualEffectGraphs":true,"m_FxEnabled":true},"in2DMode":false,"pivot":{"x":-7.556848526000977,"y":3.357236862182617,"z":-4.528104782104492},"rotation":{"x":-0.14382632076740266,"y":0.01793658547103405,"z":-0.0014555180678144098,"w":-0.9895829558372498},"size":1.7320507764816285,"orthographic":false}