{"cameraMode":{"drawMode":0,"name":"Shaded","section":"Shading Mode"},"sceneLighting":false,"audioPlay":false,"sceneViewState":{"m_AlwaysRefresh":false,"showFog":true,"showSkybox":false,"showFlares":true,"showImageEffects":true,"showParticleSystems":true,"showVisualEffectGraphs":true,"m_FxEnabled":true},"in2DMode":false,"pivot":{"x":4.033653259277344,"y":-2.2209789752960207,"z":12.821675300598145},"rotation":{"x":0.08815762400627136,"y":0.10947506874799729,"z":-0.009790011681616307,"w":0.9901009202003479},"size":10.38664436340332,"orthographic":false}